key,code,conclusion,strongPoints,weakPoints
audit-01,A000,.,.,.
audit-02,AZ999,.,.,.
audit-03,AJG765,.,.,.
audit-04,AAA111,conclusionwithcharacterlimitof100charactersandiwillfillthemwith aaaaaaaaaaaaaaaaaaaaaaaaaaaaaaaaaaaa,.,.
audit-05,AAA112,conclusionwithcharacterlimitof100charactersandiwillfillthemwith aaaaaaaaaaaaaaaaaaaaaaaaaaaaaaaaaaa,.,.
audit-06,AAA113,a,.,.
audit-07,AAA114,aa,.,.
audit-08,AAA115,"<script>alert(""hi!"")</script>",.,.
audit-09,AAA116,<h1> Hola </h1>,.,.
audit-10,AAA117,вяаяяф,.,.
audit-11,AAA118,%·&$·&%,.,.
audit-12,AAA119,.,strongpointwithcharacterlimitof100charactersandiwillfillthemwithaaaaaaaaaaaaaaaaaaaaaaaaaaaaaaaaaaaa,.
audit-13,AAA120,.,strongpointwithcharacterlimitof100charactersandiwillfillthemwithaaaaaaaaaaaaaaaaaaaaaaaaaaaaaaaaaaa,.
audit-14,AAA121,.,a,.
audit-15,AAA122,.,aa,.
audit-16,AAA123,.,"<script>alert(""hi!"")</script>",.
audit-17,AAA124,.,<h1> Hola </h1>,.
audit-18,AAA125,.,вяаяяф,.
audit-19,AAA126,.,%·&$·&%,.
audit-20,AAA127,.,.,weakpointwithcharacterlimitof100charactersandiwillfillthemwithaaaaaaaaaaaaaaaaaaaaaaaaaaaaaaaaaaaaaa
audit-21,AAA128,.,.,weakpointwithcharacterlimitof100charactersandiwillfillthemwithaaaaaaaaaaaaaaaaaaaaaaaaaaaaaaaaaaaaa
audit-22,AAA129,.,.,a
audit-23,AAA130,.,.,aa
audit-24,AAA131,.,.,"<script>alert(""hi!"")</script>"
audit-25,AAA132,.,.,<h1> Hola </h1>
audit-26,AAA133,.,.,вяаяяф
audit-27,AAA134,.,.,%·&$·&%